EmployeeID,Name,Age,Department,Salary,Experience(Years),Gender
1001,Helen,40,Support,56244,6,Female
1002,Frank,44,HR,62100,15,Male
1003,Frank,31,HR,63125,6,Male
1004,David,29,Development,71037,13,Male
1005,Grace,28,HR,59976,15,Female
1006,Bob,35,Design,63671,12,Female
1007,Bob,30,DevOps,72673,4,Male
1008,Alice,27,Design,67452,9,Male
1009,Frank,23,HR,64033,1,Male
1010,Charlie,45,DevOps,78206,4,Female
1011,Bob,36,QA,63917,10,Female
1012,Jack,24,Design,67774,1,Male
1013,Frank,25,DevOps,70389,8,Male
1014,Bob,35,Design,60922,7,Male
1015,Charlie,41,Support,62792,12,Female
1016,Alice,27,Support,55978,13,Female
1017,Charlie,39,HR,62441,3,Male
1018,Jack,35,Support,57483,3,Male
1019,Jack,35,Design,60957,13,Male
1020,Ivy,33,HR,56264,15,Female
1021,Grace,37,Development,74710,13,Female
1022,Helen,32,Design,60405,12,Male
1023,Frank,40,Support,62752,11,Male
1024,Ivy,34,Design,61361,8,Male
1025,Eva,38,QA,66484,10,Female
1026,Helen,36,Design,68729,6,Female
1027,David,38,Support,60156,1,Male
1028,Eva,40,Support,59260,4,Male
1029,Jack,44,QA,64359,6,Male
1030,Charlie,38,Design,60737,15,Female
1031,Grace,36,DevOps,71378,11,Female
1032,Charlie,23,DevOps,76015,6,Male
1033,Bob,41,Support,58589,2,Male
1034,Grace,22,Development,73475,9,Male
1035,Eva,39,Support,53550,14,Female
1036,Grace,40,QA,66373,5,Female
1037,Charlie,41,Support,58555,5,Male
1038,David,27,HR,64396,7,Male
1039,Bob,36,QA,65756,1,Male
1040,Frank,36,Design,66512,7,Female
1041,David,44,Development,74015,2,Female
1042,Ivy,27,QA,66876,15,Male
1043,Eva,37,Support,62864,10,Male
1044,Charlie,40,Design,65283,11,Male
1045,Ivy,24,Development,69350,2,Female
1046,Helen,22,HR,62717,11,Female
1047,Jack,41,DevOps,73894,6,Male
1048,Frank,37,DevOps,70387,4,Male
1049,Frank,22,Support,54956,8,Male
1050,Grace,26,QA,63612,10,Female
1051,Grace,41,HR,57352,1,Female
1052,David,33,Support,58114,9,Male
1053,Eva,22,HR,55508,13,Male
1054,Grace,28,Development,68341,2,Male
1055,David,36,Design,62688,10,Female
1056,Charlie,29,Development,72863,6,Female
1057,David,23,HR,59664,3,Male
1058,Alice,31,QA,58464,9,Male
1059,Bob,35,DevOps,76576,6,Male
1060,David,28,HR,61131,10,Female
1061,Charlie,44,Design,61307,10,Female
1062,Alice,22,Design,61430,5,Male
1063,Charlie,42,Support,58335,4,Male
1064,Alice,33,Support,61295,1,Male
1065,Grace,36,HR,64560,7,Female
1066,Helen,30,HR,64469,3,Female
1067,Eva,26,HR,60930,2,Male
1068,Jack,27,Development,71805,14,Male
1069,Bob,37,QA,66441,15,Male
1070,Bob,25,Development,69215,15,Female
1071,Frank,43,Support,61104,3,Female
1072,Frank,38,HR,63189,10,Male
1073,David,37,DevOps,71967,1,Male
1074,David,32,Design,69608,6,Male
1075,Jack,45,HR,56217,15,Female
1076,David,34,HR,62710,1,Female
1077,Jack,32,QA,62519,8,Male
1078,Helen,40,QA,58220,1,Male
1079,Charlie,44,Support,58118,1,Male
1080,Charlie,27,HR,60932,11,Female
1081,Eva,31,Design,68377,4,Female
1082,Ivy,29,Support,59277,13,Male
1083,Ivy,35,DevOps,71573,3,Male
1084,Eva,30,Support,57697,12,Male
1085,Frank,43,Development,68794,4,Female
1086,Alice,34,Design,61907,7,Female
1087,Alice,25,Design,67500,15,Male
1088,Eva,36,Design,68356,7,Male
1089,Frank,37,Support,58521,6,Male
1090,David,38,HR,62233,7,Female
1091,Charlie,29,QA,62483,12,Female
1092,Eva,32,Support,62935,13,Male
1093,Bob,41,Development,70705,2,Male
1094,Charlie,38,HR,56373,6,Male
1095,Grace,24,Support,56017,8,Female
1096,David,40,Design,67726,9,Female
1097,Grace,22,Support,60419,12,Male
1098,Eva,43,HR,60852,2,Male
1099,Ivy,30,Development,65668,9,Male
1100,Jack,33,Design,67686,3,Female
1101,David,27,Support,58764,7,Female
1102,Jack,40,DevOps,70655,13,Male
1103,Helen,44,HR,60051,5,Male
1104,Ivy,26,DevOps,73610,9,Male
1105,Frank,31,Development,74280,7,Female
1106,Charlie,30,DevOps,78555,6,Female
1107,Frank,35,QA,62268,3,Male
1108,Frank,27,DevOps,75437,13,Male
1109,Alice,27,DevOps,74165,2,Male
1110,Charlie,43,Support,53866,12,Female
1111,Frank,22,Support,54956,9,Female
1112,Charlie,39,Design,69853,9,Male
1113,Helen,37,DevOps,70576,5,Male
1114,Jack,30,DevOps,78428,13,Male
1115,Jack,24,HR,57450,9,Female
1116,Alice,38,Support,57530,11,Female
1117,Alice,28,DevOps,77292,4,Male
1118,Jack,31,Design,65772,15,Male
1119,Helen,33,Support,56971,2,Male
1120,Alice,38,Development,68922,8,Female
1121,David,37,Design,66573,11,Female
1122,Helen,31,DevOps,73490,4,Male
1123,David,33,Support,61683,13,Male
1124,Jack,32,QA,58616,13,Male
1125,Eva,25,HR,61010,11,Female
1126,Ivy,44,Design,69243,8,Female
1127,Helen,45,Design,64056,15,Male
1128,Helen,30,Development,72897,13,Male
1129,Grace,24,HR,58394,8,Male
1130,Alice,35,Support,58252,8,Female
1131,David,39,Design,60837,9,Female
1132,Frank,22,QA,57435,11,Male
1133,Jack,37,Development,73436,4,Male
1134,Jack,39,HR,61490,12,Male
1135,Bob,41,DevOps,72399,3,Female
1136,David,30,HR,57384,7,Female
1137,Bob,45,Support,61039,10,Male
1138,Jack,40,Support,53168,7,Male
1139,Alice,42,Support,58224,14,Male
1140,Frank,24,Development,74758,8,Female
1141,Frank,33,HR,60595,1,Female
1142,Jack,40,DevOps,78601,14,Male
1143,Bob,34,DevOps,72519,9,Male
1144,Ivy,24,Design,65319,10,Male
1145,Frank,41,QA,59545,12,Female
1146,Jack,41,QA,57320,3,Female
1147,Helen,39,Development,67786,2,Male
1148,Frank,41,Support,59233,1,Male
1149,Charlie,36,DevOps,78547,13,Male
1150,Ivy,36,Design,64635,15,Female
1151,Eva,43,Support,62595,12,Female
1152,Helen,36,Development,70299,3,Male
1153,Ivy,32,QA,66338,8,Male
1154,Eva,44,DevOps,71963,4,Male
1155,Helen,44,DevOps,77258,1,Female
1156,Jack,37,Design,60386,10,Female
1157,Helen,25,Development,67261,2,Male
1158,David,39,QA,66855,9,Male
1159,David,42,HR,62709,2,Male
1160,Eva,29,Design,62079,15,Female
1161,Grace,35,QA,66056,8,Female
1162,Charlie,45,HR,63088,5,Male
1163,David,24,Support,62116,13,Male
1164,David,29,Support,62139,11,Male
1165,Alice,27,Development,73995,11,Female
1166,Ivy,44,Development,71315,3,Female
1167,Helen,25,Development,71032,3,Male
1168,Helen,28,DevOps,74400,11,Male
1169,Ivy,31,Design,67346,13,Male
1170,Frank,39,Development,70440,2,Female
1171,Jack,43,HR,64489,1,Female
1172,Grace,25,Development,70338,9,Male
1173,Jack,32,Support,57208,4,Male
1174,Ivy,34,QA,65396,4,Male
1175,David,28,Development,67596,9,Female
1176,Charlie,35,Support,59709,2,Female
1177,David,39,HR,55075,4,Male
1178,Ivy,27,Development,68935,6,Male
1179,Eva,41,Development,70337,1,Male
1180,Jack,27,QA,61890,11,Female
1181,Grace,22,Support,53552,15,Female
1182,Helen,29,HR,57177,8,Male
1183,Alice,40,DevOps,78831,14,Male
1184,Ivy,36,HR,61835,7,Male
1185,Alice,38,Design,68808,9,Female
1186,Frank,43,QA,60223,7,Female
1187,Helen,36,QA,60569,10,Male
1188,Ivy,42,Development,68878,8,Male
1189,Charlie,31,HR,55846,3,Male
1190,David,24,Design,60999,7,Female
1191,Helen,35,HR,64805,12,Female
1192,Helen,32,Development,72894,7,Male
1193,Grace,39,QA,63962,4,Male
1194,Jack,43,Design,65597,10,Male
1195,Jack,33,DevOps,76068,6,Female
1196,Grace,27,Design,62066,15,Female
1197,Ivy,35,Support,53196,6,Male
1198,Charlie,28,Design,61092,2,Male
1199,Bob,41,DevOps,75918,2,Male
1200,Frank,34,Design,63215,6,Female
1201,Charlie,23,QA,61085,7,Female
1202,Jack,37,Support,61951,8,Male
1203,Alice,30,QA,57308,4,Male
1204,Grace,38,HR,61689,6,Male
1205,Charlie,22,Support,60039,6,Female
1206,Ivy,24,Design,64781,1,Female
1207,Helen,37,Development,74598,12,Male
1208,Bob,34,Development,67459,3,Male
1209,Charlie,44,DevOps,77829,10,Male
1210,Grace,31,Support,55440,15,Female
1211,Helen,33,Support,57483,7,Female
1212,Grace,22,QA,57556,14,Male
1213,Alice,23,Development,71660,10,Male
1214,Ivy,29,Development,69761,10,Male
1215,Jack,28,Design,63806,13,Female
1216,Alice,29,DevOps,79761,12,Female
1217,Charlie,37,QA,57989,13,Male
1218,Alice,44,Design,68739,13,Male
1219,Ivy,45,Development,66984,5,Male
1220,Ivy,45,Design,61438,11,Female
1221,Alice,41,Design,64938,4,Female
1222,Bob,44,HR,55817,9,Male
1223,Charlie,24,Design,67189,6,Male
1224,Jack,25,DevOps,70566,14,Male
1225,Helen,41,Development,68762,3,Female
1226,David,29,Development,65815,15,Female
1227,Charlie,27,DevOps,79087,12,Male
1228,Bob,32,HR,62190,3,Male
1229,Frank,43,Development,68255,13,Male
1230,Frank,42,HR,58026,10,Female
1231,Frank,25,Development,73394,12,Female
1232,Frank,45,Design,67453,9,Male
1233,Alice,22,Design,63407,4,Male
1234,Jack,25,Support,57950,13,Male
1235,Ivy,31,Design,68231,7,Female
1236,Grace,35,QA,60874,9,Female
1237,Eva,28,Design,60284,9,Male
1238,Helen,32,Design,68880,1,Male
1239,Charlie,28,DevOps,74616,5,Male
1240,Charlie,37,QA,63450,13,Female
1241,David,41,Support,59719,6,Female
1242,Bob,22,DevOps,78352,7,Male
1243,Frank,31,Development,68672,6,Male
1244,Jack,42,Design,65611,4,Male
1245,Jack,24,QA,60236,11,Female
1246,Charlie,32,Design,60647,9,Female
1247,Grace,40,HR,57885,10,Male
1248,Helen,30,QA,59166,5,Male
1249,Jack,22,Support,55244,12,Male
1250,Alice,33,HR,61790,2,Female
1251,Eva,33,QA,63552,14,Female
1252,Frank,24,Development,71848,15,Male
1253,Eva,30,DevOps,75614,15,Male
1254,Alice,24,DevOps,78616,12,Male
1255,Bob,44,Design,67831,1,Female
1256,Bob,45,DevOps,75848,7,Female
1257,Charlie,38,Design,66208,14,Male
1258,Grace,44,Development,74819,10,Male
1259,Bob,40,DevOps,74589,4,Male
1260,Bob,26,Design,62960,9,Female
1261,Alice,42,DevOps,74276,5,Female
1262,Helen,22,Design,67671,1,Male
1263,Frank,32,HR,60782,7,Male
1264,Grace,22,Support,61838,12,Male
1265,Eva,26,DevOps,73059,11,Female
1266,David,27,Support,61006,1,Female
1267,Helen,23,HR,59491,10,Male
1268,Charlie,34,QA,61439,4,Male
1269,Bob,31,Design,60802,7,Male
1270,Helen,25,DevOps,75189,6,Female
1271,Alice,27,Support,59815,12,Female
1272,Alice,22,Support,56755,15,Male
1273,Helen,42,HR,62240,2,Male
1274,Frank,29,Support,62351,7,Male
1275,Helen,30,Development,73251,1,Female
1276,Bob,29,DevOps,76833,11,Female
1277,Charlie,30,DevOps,75893,15,Male
1278,Ivy,26,HR,56888,10,Male
1279,Eva,24,DevOps,73829,7,Male
1280,Eva,34,HR,60177,2,Female
1281,Ivy,42,Development,69429,7,Female
1282,Grace,31,Design,69121,6,Male
1283,Grace,44,Development,68229,15,Male
1284,Alice,36,Support,57753,7,Male
1285,Jack,36,Support,57499,2,Female
1286,Alice,30,Development,73504,7,Female
1287,Jack,32,Development,73860,1,Male
1288,Grace,27,QA,58259,1,Male
1289,Charlie,32,HR,59989,11,Male
1290,Helen,43,Support,53101,6,Female
1291,Helen,23,DevOps,75424,10,Female
1292,David,30,QA,65056,2,Male
1293,Helen,34,Design,63125,15,Male
1294,David,25,Design,64194,7,Male
1295,Alice,45,HR,58223,11,Female
1296,Bob,27,DevOps,74482,6,Female
1297,Ivy,35,Design,63615,6,Male
1298,Charlie,29,QA,62437,14,Male
1299,Jack,24,QA,59181,5,Male
1300,Charlie,26,HR,58985,7,Female
1301,Jack,44,HR,60913,12,Female
1302,Eva,24,Development,70873,7,Male
1303,Helen,37,DevOps,74350,14,Male
1304,Charlie,29,QA,65552,4,Male
1305,Helen,35,Design,64574,8,Female
1306,Alice,37,DevOps,73414,14,Female
1307,David,22,QA,61469,12,Male
1308,Ivy,30,DevOps,72149,2,Male
1309,David,37,Development,70063,8,Male
1310,Frank,40,QA,61681,6,Female
1311,Charlie,28,DevOps,75787,12,Female
1312,Helen,41,Support,53873,1,Male
1313,Jack,43,Design,61669,9,Male
1314,Alice,28,QA,59032,4,Male
1315,Grace,38,Development,74096,10,Female
1316,Grace,23,Design,60536,10,Female
1317,Eva,22,QA,63254,6,Male
1318,David,45,Design,65681,13,Male
1319,Charlie,41,DevOps,76302,12,Male
1320,Charlie,42,Support,61756,3,Female
1321,Frank,28,QA,63003,14,Female
1322,Bob,29,HR,60510,11,Male
1323,Frank,25,Support,57216,2,Male
1324,Helen,40,Support,55084,2,Male
1325,Frank,36,DevOps,79668,13,Female
1326,Frank,23,HR,58983,7,Female
1327,Frank,32,Development,73120,4,Male
1328,Grace,29,Design,60963,3,Male
1329,Bob,34,QA,64749,5,Male
1330,Eva,24,Support,60427,14,Female
1331,Grace,32,Development,74564,1,Female
1332,Charlie,42,Development,68987,3,Male
1333,Bob,41,HR,57054,2,Male
1334,Jack,36,Support,59651,6,Male
1335,Eva,39,QA,66410,4,Female
1336,Bob,32,Development,68215,13,Female
1337,Bob,23,QA,57497,15,Male
1338,David,29,Design,62915,4,Male
1339,Frank,34,QA,62537,2,Male
1340,Helen,32,Support,55228,8,Female
1341,Alice,41,HR,57981,1,Female
1342,Eva,29,Development,73612,10,Male
1343,Alice,42,Support,53384,10,Male
1344,Grace,26,DevOps,73882,10,Male
1345,Ivy,34,HR,63934,6,Female
1346,Helen,22,Design,68060,3,Female
1347,Helen,28,Support,61137,5,Male
1348,David,35,HR,58752,5,Male
1349,Alice,24,HR,62909,9,Male
1350,Charlie,26,Development,68281,5,Female
1351,Grace,34,HR,63079,11,Female
1352,Eva,22,QA,60482,2,Male
1353,Bob,27,HR,62004,14,Male
1354,Grace,41,Development,67742,2,Male
1355,Helen,31,Support,61418,9,Female
1356,Grace,35,QA,63374,10,Female
1357,Charlie,24,Development,69369,13,Male
1358,Frank,34,Development,72631,11,Male
1359,Helen,45,HR,61906,4,Male
1360,Frank,29,Support,62940,11,Female
1361,Frank,25,Design,65104,6,Female
1362,David,29,Development,72457,6,Male
1363,David,38,Support,59829,10,Male
1364,Helen,45,Support,61488,2,Male
1365,David,45,Support,56195,11,Female
1366,Grace,36,Support,59123,4,Female
1367,Ivy,44,Support,55285,14,Male
1368,David,26,Development,68451,11,Male
1369,Grace,38,DevOps,74968,9,Male
1370,Frank,25,DevOps,74501,8,Female
1371,Frank,34,Support,56406,6,Female
1372,David,32,Development,65914,13,Male
1373,Ivy,31,Design,61306,8,Male
1374,Grace,27,Development,68266,7,Male
1375,Ivy,24,Design,67590,1,Female
1376,Eva,41,Design,62724,10,Female
1377,Ivy,28,QA,60638,11,Male
1378,Helen,24,HR,58470,3,Male
1379,Grace,44,Development,71786,7,Male
1380,Alice,24,HR,55504,14,Female
1381,Ivy,22,Development,65938,3,Female
1382,Ivy,26,QA,58864,1,Male
1383,Bob,44,QA,66193,11,Male
1384,Grace,43,Development,70921,7,Male
1385,Jack,31,QA,61517,10,Female
1386,David,42,HR,60942,13,Female
1387,Jack,28,HR,57477,10,Male
1388,Ivy,37,Design,68093,10,Male
1389,Frank,39,Development,69397,15,Male
1390,Charlie,36,QA,63318,3,Female
1391,Helen,33,Design,61642,11,Female
1392,Grace,43,HR,55197,6,Male
1393,Jack,41,Development,72567,5,Male
1394,Charlie,42,QA,61092,14,Male
1395,Jack,28,DevOps,71537,11,Female
1396,Frank,36,Support,54852,11,Female
1397,Frank,27,Support,61131,3,Male
1398,Helen,32,QA,58021,12,Male
1399,Jack,24,QA,61006,7,Male
1400,Alice,25,Development,68637,8,Female
1401,Ivy,30,Design,68180,11,Female
1402,Alice,33,DevOps,79690,12,Male
1403,Frank,36,Support,56906,13,Male
1404,Ivy,44,QA,63436,4,Male
1405,Alice,43,DevOps,73268,12,Female
1406,Charlie,33,DevOps,77715,9,Female
1407,David,26,DevOps,79999,8,Male
1408,Bob,26,Support,57559,10,Male
1409,Helen,36,Development,74836,6,Male
1410,Alice,36,Design,63411,13,Female
1411,Alice,40,HR,56849,5,Female
1412,David,26,Design,68368,9,Male
1413,David,40,Development,73711,15,Male
1414,Jack,35,HR,60003,6,Male
1415,Jack,39,Development,71929,8,Female
1416,Ivy,23,QA,63932,15,Female
1417,Helen,45,QA,57099,11,Male
1418,Eva,29,DevOps,73418,4,Male
1419,Helen,31,QA,58095,11,Male
1420,Frank,22,Development,74513,15,Female
1421,Eva,27,Design,67456,10,Female
1422,Bob,41,DevOps,78257,11,Male
1423,Alice,33,Support,60943,12,Male
1424,David,31,QA,59975,1,Male
1425,Charlie,39,Design,63858,7,Female
1426,Frank,23,Development,66930,13,Female
1427,Bob,36,QA,65907,6,Male
1428,Eva,38,HR,61186,6,Male
1429,Frank,45,Support,58069,2,Male
1430,Ivy,27,Support,57699,11,Female
1431,Grace,25,QA,62367,5,Female
1432,Grace,22,HR,59964,13,Male
1433,Grace,24,HR,62986,6,Male
1434,Charlie,27,Design,61890,15,Male
1435,Bob,38,HR,62495,10,Female
1436,Alice,44,Development,73327,7,Female
1437,Ivy,33,Development,66932,11,Male
1438,David,26,Development,69446,1,Male
1439,Helen,38,QA,62436,2,Male
1440,Ivy,45,DevOps,70972,10,Female
1441,Bob,43,QA,62513,7,Female
1442,Alice,36,Design,60124,15,Male
1443,Ivy,41,Development,66908,9,Male
1444,Jack,37,QA,63707,15,Male
1445,Ivy,23,QA,61764,3,Female
1446,Ivy,38,Support,57566,2,Female
1447,Charlie,31,QA,60425,7,Male
1448,Alice,28,Support,57887,3,Male
1449,Ivy,44,HR,63048,7,Male
1450,Alice,44,Support,62067,4,Female
1451,David,26,HR,60834,7,Female
1452,Bob,42,Development,71412,7,Male
1453,Grace,27,HR,59534,6,Male
1454,Eva,44,Support,59500,14,Male
1455,Bob,38,HR,57972,11,Female
1456,Jack,41,Design,66897,4,Female
1457,Jack,37,Support,57165,3,Male
1458,Grace,41,Development,67566,12,Male
1459,Alice,28,HR,62825,6,Male
1460,Charlie,33,QA,63698,4,Female
1461,Alice,37,Support,57583,14,Female
1462,David,33,DevOps,74050,13,Male
1463,Grace,37,DevOps,70439,2,Male
1464,Charlie,23,Support,58387,6,Male
1465,Charlie,42,HR,58430,10,Female
1466,Frank,38,Development,70800,15,Female
1467,Ivy,41,HR,63433,7,Male
1468,Jack,30,Development,74387,3,Male
1469,David,34,DevOps,72031,1,Male
1470,David,39,Support,57051,10,Female
1471,Frank,37,Development,68019,12,Female
1472,Helen,29,HR,60646,14,Male
1473,Alice,42,Development,69419,9,Male
1474,Charlie,33,Development,67004,4,Male
1475,Charlie,30,Development,68001,6,Female
1476,Frank,34,HR,59261,11,Female
1477,Jack,35,Support,60548,3,Male
1478,Bob,44,Support,54170,13,Male
1479,Bob,42,Design,62052,4,Male
1480,Helen,25,HR,60328,4,Female
1481,David,30,Design,65709,9,Female
1482,David,43,DevOps,74758,15,Male
1483,Alice,32,Development,69873,3,Male
1484,Charlie,42,DevOps,70478,9,Male
1485,Alice,26,DevOps,72758,7,Female
1486,David,28,HR,60486,4,Female
1487,Frank,28,Development,71828,1,Male
1488,Ivy,22,QA,59214,10,Male
1489,Jack,26,Development,74282,5,Male
1490,David,24,Support,61241,6,Female
1491,Helen,30,Design,64588,9,Female
1492,Frank,44,Support,58877,6,Male
1493,Eva,39,Support,53629,6,Male
1494,Charlie,41,Design,68502,1,Male
1495,Jack,29,Design,67317,14,Female
1496,David,24,Support,60817,2,Female
1497,Grace,36,QA,66556,5,Male
1498,Ivy,38,Development,69677,15,Male
1499,Ivy,41,Support,54825,13,Male
1500,Alice,27,Support,58732,9,Female
1501,Helen,41,Design,69638,8,Female
1502,Bob,43,Support,56868,11,Male
1503,Charlie,37,DevOps,77067,4,Male
1504,David,27,HR,60917,10,Male
1505,David,33,Design,65394,13,Female
1506,Jack,35,HR,62205,2,Female
1507,David,44,Design,66696,8,Male
1508,Bob,35,DevOps,70976,1,Male
1509,David,32,Support,55162,4,Male
1510,Eva,41,QA,58858,2,Female
1511,Ivy,26,Design,68014,7,Female
1512,Jack,36,Design,61113,13,Male
1513,Grace,29,Development,73228,5,Male
1514,Ivy,45,HR,61251,3,Male
1515,Helen,42,Support,57697,5,Female
1516,Alice,38,DevOps,79262,4,Female
1517,Grace,40,Design,65039,8,Male
1518,Grace,39,HR,64147,5,Male
1519,Eva,25,DevOps,76837,10,Male
1520,Eva,30,QA,62584,9,Female
1521,Ivy,40,DevOps,74131,14,Female
1522,Charlie,33,HR,58725,10,Male
1523,Alice,30,QA,59108,5,Male
1524,Bob,22,DevOps,72018,1,Male
1525,Bob,37,Design,69389,15,Female
1526,Alice,42,Development,70249,12,Female
1527,Frank,25,DevOps,73105,1,Male
1528,Jack,41,HR,62728,11,Male
1529,David,35,Design,67439,2,Male
1530,Alice,32,HR,61189,7,Female
1531,Grace,39,QA,59004,11,Female
1532,David,39,Support,61227,8,Male
1533,Ivy,27,HR,60706,14,Male
1534,Alice,31,Design,67485,9,Male
1535,Frank,25,QA,64151,15,Female
1536,David,42,QA,62917,2,Female
1537,Charlie,44,Support,54941,1,Male
1538,Alice,26,QA,65687,2,Male
1539,Helen,41,HR,62936,14,Male
1540,Frank,22,DevOps,75833,12,Female
1541,Jack,33,Development,68451,6,Female
1542,Bob,26,HR,57048,7,Male
1543,Frank,35,Support,54925,6,Male
1544,Alice,30,DevOps,76019,5,Male
1545,Grace,42,Design,60643,4,Female
1546,Bob,29,HR,57094,4,Female
1547,Charlie,32,HR,56014,7,Male
1548,Charlie,45,Support,56432,3,Male
1549,David,35,Support,58200,4,Male
1550,Grace,44,Design,62431,1,Female
1551,Grace,29,DevOps,78622,10,Female
1552,Eva,44,HR,56738,6,Male
1553,Eva,25,Support,54778,3,Male
1554,Bob,30,Development,74419,15,Male
1555,Helen,24,DevOps,78756,12,Female
1556,Jack,23,Development,74439,3,Female
1557,Frank,37,HR,58861,3,Male
1558,Bob,27,HR,61321,11,Male
1559,Charlie,42,Design,65492,13,Male
1560,Eva,28,HR,63370,1,Female
1561,Ivy,25,Support,58976,5,Female
1562,Grace,41,HR,59011,8,Male
1563,Ivy,37,DevOps,74525,6,Male
1564,Bob,43,QA,57816,6,Male
1565,Bob,35,Design,60767,2,Female
1566,Frank,39,QA,61310,7,Female
1567,Helen,35,Support,59171,6,Male
1568,Bob,28,HR,59487,8,Male
1569,Bob,39,QA,61177,10,Male
1570,Frank,24,Support,57799,8,Female
1571,David,38,Development,65687,5,Female
1572,David,45,Development,72676,2,Male
1573,Jack,44,DevOps,75831,1,Male
1574,David,41,HR,55145,3,Male
1575,Bob,44,Development,74408,4,Female
1576,Helen,36,HR,64048,1,Female
1577,Alice,34,DevOps,79404,8,Male
1578,Helen,27,Support,56008,7,Male
1579,Alice,28,HR,58490,2,Male
1580,Alice,27,QA,66293,7,Female
1581,David,43,Development,66695,5,Female
1582,Helen,43,Development,70546,9,Male
1583,Frank,24,QA,57102,14,Male
1584,Helen,28,Development,67033,14,Male
1585,Eva,28,HR,58609,2,Female
1586,Grace,33,QA,62819,13,Female
1587,Eva,36,Support,59911,1,Male
1588,Frank,36,Design,65194,7,Male
1589,Eva,39,Development,70208,6,Male
1590,Charlie,30,HR,58046,6,Female
1591,Helen,31,QA,57941,2,Female
1592,Ivy,37,Design,62850,7,Male
1593,David,34,Development,68929,3,Male
1594,David,27,Development,69910,5,Male
1595,Alice,45,Development,66804,10,Female
1596,Bob,42,Development,67467,12,Female
1597,Helen,24,DevOps,70199,15,Male
1598,David,28,HR,58396,3,Male
1599,David,44,Development,68059,10,Male
1600,Helen,42,Development,67131,14,Female
1601,Charlie,29,HR,60974,4,Female
1602,Grace,30,Development,65962,3,Male
1603,Charlie,31,Support,62006,9,Male
1604,Frank,45,HR,63885,12,Male
1605,Jack,42,Development,70650,3,Female
1606,Ivy,44,QA,64463,11,Female
1607,Ivy,34,Development,73191,14,Male
1608,Alice,34,DevOps,73666,2,Male
1609,Ivy,43,QA,64886,11,Male
1610,Helen,29,Design,69272,4,Female
1611,David,22,HR,57841,5,Female
1612,Charlie,39,HR,57833,13,Male
1613,Jack,34,Design,66352,13,Male
1614,Frank,39,Development,67762,8,Male
1615,Frank,35,Development,69386,14,Female
1616,Frank,23,QA,59477,15,Female
1617,Ivy,22,Support,60534,13,Male
1618,Charlie,24,Development,68383,11,Male
1619,Bob,27,Design,60437,9,Male
1620,Bob,37,Support,62548,8,Female
1621,Alice,39,DevOps,78663,11,Female
1622,Alice,28,Design,62265,3,Male
1623,Alice,25,Development,72000,11,Male
1624,Jack,39,Support,54929,7,Male
1625,Helen,35,Support,54792,13,Female
1626,Helen,32,DevOps,77744,12,Female
1627,Alice,43,HR,63321,6,Male
1628,Bob,26,HR,60509,9,Male
1629,Bob,34,QA,58945,15,Male
1630,Alice,30,Design,60290,4,Female
1631,Helen,43,Development,65660,6,Female
1632,Bob,26,HR,58056,4,Male
1633,Grace,40,Design,62636,7,Male
1634,Charlie,32,HR,57978,5,Male
1635,Alice,39,Support,59032,8,Female
1636,Alice,44,QA,60949,15,Female
1637,Helen,35,DevOps,74972,8,Male
1638,Bob,37,Design,63439,4,Male
1639,David,38,Development,65452,6,Male
1640,Helen,37,Support,54949,10,Female
1641,David,35,Support,58895,3,Female
1642,Charlie,31,Development,67637,13,Male
1643,Eva,23,Design,69322,13,Male
1644,Helen,38,Development,73128,7,Male
1645,Eva,37,Support,60268,4,Female
1646,Bob,30,Support,56031,8,Female
1647,Alice,34,DevOps,79441,5,Male
1648,Eva,36,HR,60640,15,Male
1649,Charlie,26,QA,59935,9,Male
1650,Grace,33,QA,65139,5,Female
1651,David,45,Design,64312,9,Female
1652,Frank,30,Design,69728,15,Male
1653,Charlie,39,DevOps,71546,3,Male
1654,Jack,43,QA,58940,15,Male
1655,Helen,41,Support,53168,13,Female
1656,Charlie,32,DevOps,77485,14,Female
1657,Alice,41,QA,61870,10,Male
1658,Alice,27,QA,63444,7,Male
1659,Grace,35,DevOps,77597,2,Male
1660,Charlie,26,DevOps,70351,1,Female
1661,Ivy,36,Development,73179,4,Female
1662,Bob,33,QA,60815,8,Male
1663,Frank,28,DevOps,79606,4,Male
1664,Helen,31,DevOps,79110,10,Male
1665,Alice,32,HR,61199,1,Female
1666,Helen,44,HR,55453,15,Female
1667,Alice,45,QA,58467,6,Male
1668,David,33,Support,62621,1,Male
1669,Eva,45,Design,62973,11,Male
1670,Eva,22,DevOps,72118,3,Female
1671,Alice,42,Development,68873,10,Female
1672,Helen,45,Development,69778,11,Male
1673,Charlie,44,HR,64448,2,Male
1674,David,30,Development,69412,10,Male
1675,Ivy,33,Development,71467,1,Female
1676,Ivy,23,Design,61152,10,Female
1677,Charlie,30,Design,66253,6,Male
1678,Frank,24,DevOps,73878,8,Male
1679,Bob,39,QA,58059,11,Male
1680,Jack,26,QA,58975,3,Female
1681,Ivy,22,DevOps,76922,11,Female
1682,Frank,41,Development,70313,9,Male
1683,Grace,36,HR,63887,12,Male
1684,Grace,25,Support,59901,5,Male
1685,Bob,31,QA,65836,6,Female
1686,Helen,22,QA,59056,6,Female
1687,Bob,30,Development,74896,1,Male
1688,David,33,DevOps,74385,11,Male
1689,Ivy,27,DevOps,78962,10,Male
1690,Bob,27,Support,55295,9,Female
1691,Jack,41,Development,73299,7,Female
1692,Frank,28,Development,73038,12,Male
1693,Bob,39,Development,68128,1,Male
1694,David,35,QA,63194,9,Male
1695,Helen,34,Design,61103,2,Female
1696,Jack,36,HR,60869,11,Female
1697,Ivy,42,Development,72518,9,Male
1698,Bob,32,Design,63297,4,Male
1699,Ivy,30,HR,61672,9,Male
1700,Frank,28,DevOps,77409,9,Female
1701,Alice,41,Design,60755,6,Female
1702,Ivy,42,Development,73768,3,Male
1703,Jack,30,DevOps,72806,5,Male
1704,David,28,DevOps,78218,7,Male
1705,Eva,29,Development,69203,12,Female
1706,Frank,30,QA,58471,13,Female
1707,Jack,24,Support,54607,6,Male
1708,Charlie,35,Development,69102,1,Male
1709,Grace,39,Design,61096,9,Male
1710,Charlie,44,Design,61943,13,Female
1711,Frank,31,HR,55398,10,Female
1712,Bob,41,HR,58454,6,Male
1713,Jack,26,DevOps,76081,9,Male
1714,Helen,41,Design,60997,10,Male
1715,Alice,23,Development,71152,12,Female
1716,Eva,40,DevOps,73126,11,Female
1717,Grace,22,Design,60714,7,Male
1718,David,27,Development,70898,3,Male
1719,Jack,42,Support,54725,10,Male
1720,Helen,30,DevOps,79091,12,Female
1721,Ivy,45,Support,57285,14,Female
1722,Bob,45,Design,63574,6,Male
1723,Frank,29,Development,73239,3,Male
1724,Bob,25,QA,66378,5,Male
1725,Charlie,40,QA,57090,2,Female
1726,Jack,43,Development,72973,14,Female
1727,Frank,34,Design,61245,3,Male
1728,Charlie,36,Support,53473,14,Male
1729,Frank,36,QA,60106,12,Male
1730,David,39,QA,65796,3,Female
1731,Ivy,28,HR,56374,8,Female
1732,David,44,DevOps,74185,5,Male
1733,Bob,25,Support,59402,7,Male
1734,Helen,44,QA,58065,1,Male
1735,Jack,31,HR,59359,4,Female
1736,Grace,45,DevOps,78875,13,Female
1737,Frank,23,Design,68815,7,Male
1738,David,29,DevOps,76495,15,Male
1739,Charlie,32,Development,66789,11,Male
1740,Charlie,26,HR,55233,4,Female
1741,Alice,24,DevOps,78843,8,Female
1742,Eva,22,HR,55089,12,Male
1743,Jack,39,Development,71880,12,Male
1744,Frank,35,DevOps,70860,9,Male
1745,Bob,30,DevOps,70523,9,Female
1746,Bob,38,HR,59154,15,Female
1747,Ivy,44,QA,64838,4,Male
1748,Frank,31,DevOps,78790,11,Male
1749,Jack,30,Design,65687,6,Male
1750,Alice,36,HR,64682,3,Female
1751,Bob,42,HR,56873,5,Female
1752,Helen,44,HR,64333,9,Male
1753,Eva,22,Development,68359,12,Male
1754,Eva,26,QA,57137,10,Male
1755,Eva,41,Design,70000,11,Female
1756,Bob,30,Support,57316,15,Female
1757,Bob,37,Development,70145,6,Male
1758,Bob,25,HR,58824,8,Male
1759,Bob,38,DevOps,72235,10,Male
1760,Helen,29,DevOps,75460,5,Female
1761,Bob,29,Design,68599,10,Female
1762,David,26,Support,59373,12,Male
1763,Grace,26,HR,57800,4,Male
1764,Jack,43,HR,56287,10,Male
1765,David,33,Development,70459,1,Female
1766,Eva,23,Design,67990,5,Female
1767,Bob,25,Design,65524,11,Male
1768,Alice,44,DevOps,70073,11,Male
1769,Alice,35,DevOps,75664,13,Male
1770,Ivy,36,QA,58075,13,Female
1771,Bob,32,Design,66878,11,Female
1772,Charlie,41,Design,67328,7,Male
1773,Helen,26,Development,69845,13,Male
1774,Frank,45,QA,63637,10,Male
1775,Frank,29,QA,66990,10,Female
1776,Alice,35,QA,64330,12,Female
1777,Jack,37,DevOps,71189,3,Male
1778,Jack,24,Design,65338,9,Male
1779,Helen,32,Development,72248,6,Male
1780,Grace,26,Design,62902,11,Female
1781,Charlie,24,QA,57664,2,Female
1782,Alice,42,Design,61750,1,Male
1783,David,23,Development,74295,7,Male
1784,Helen,43,QA,65744,15,Male
1785,Frank,38,HR,59075,15,Female
1786,Frank,22,HR,61678,15,Female
1787,David,22,Design,62404,7,Male
1788,Frank,24,QA,62730,2,Male
1789,Eva,24,HR,61794,13,Male
1790,Bob,45,Support,54534,9,Female
1791,Ivy,40,QA,58500,1,Female
1792,Bob,33,Support,53622,9,Male
1793,Grace,36,Support,53805,14,Male
1794,Grace,39,Design,65449,15,Male
1795,Frank,39,Support,58952,14,Female
1796,David,23,DevOps,72098,5,Female
1797,Grace,28,DevOps,75763,13,Male
1798,Eva,41,DevOps,73085,11,Male
1799,Ivy,45,DevOps,72448,15,Male
1800,David,38,QA,63901,11,Female
1801,Eva,42,Development,73042,7,Female
1802,Helen,40,DevOps,74515,10,Male
1803,Frank,36,Design,69597,12,Male
1804,Grace,29,Support,53937,2,Male
1805,Helen,44,HR,61754,6,Female
1806,Frank,25,Support,57870,13,Female
1807,Eva,36,QA,64210,4,Male
1808,Charlie,34,HR,55006,3,Male
1809,Eva,37,Support,55470,11,Male
1810,Ivy,28,HR,55624,11,Female
1811,Helen,27,Design,68255,9,Female
1812,Jack,42,DevOps,71698,6,Male
1813,Helen,44,Design,67730,11,Male
1814,Helen,24,DevOps,75090,9,Male
1815,Grace,45,Design,64024,7,Female
1816,Charlie,38,DevOps,74352,9,Female
1817,David,41,Development,65540,8,Male
1818,Charlie,28,QA,58914,14,Male
1819,David,23,HR,62769,12,Male
1820,Frank,36,Development,69749,15,Female
1821,Grace,23,Support,60741,5,Female
1822,Alice,25,HR,64487,7,Male
1823,Bob,36,Design,64301,2,Male
1824,Alice,45,DevOps,75536,1,Male
1825,Frank,36,Development,66815,5,Female
1826,Charlie,25,Support,57702,9,Female
1827,Bob,41,Support,55443,9,Male
1828,Grace,39,Design,67842,11,Male
1829,David,37,QA,63504,12,Male
1830,Bob,33,Design,65585,11,Female
1831,Charlie,32,Support,58216,10,Female
1832,Eva,41,Development,70524,1,Male
1833,Charlie,22,Development,70762,7,Male
1834,David,23,HR,57507,14,Male
1835,Frank,45,QA,62849,15,Female
1836,Grace,36,QA,58253,6,Female
1837,Alice,36,HR,55528,8,Male
1838,Frank,33,HR,59043,10,Male
1839,Charlie,36,Design,68633,9,Male
1840,David,28,HR,56787,5,Female
1841,Grace,32,Design,65960,10,Female
1842,Charlie,41,DevOps,76716,3,Male
1843,Eva,27,Development,69684,8,Male
1844,Grace,39,QA,59004,2,Male
1845,Charlie,26,DevOps,75623,3,Female
1846,Jack,28,QA,60495,4,Female
1847,Grace,33,DevOps,74232,11,Male
1848,Frank,28,Support,54387,4,Male
1849,Bob,32,DevOps,78604,6,Male
1850,Bob,45,DevOps,72572,11,Female
1851,Bob,34,DevOps,77527,9,Female
1852,Charlie,42,QA,61291,13,Male
1853,Bob,37,Development,70810,4,Male
1854,Ivy,38,Design,69574,7,Male
1855,Helen,45,Support,62751,4,Female
1856,Eva,23,HR,55444,4,Female
1857,Eva,38,Development,66932,15,Male
1858,Bob,36,Development,65188,10,Male
1859,Helen,40,Development,71433,11,Male
1860,Grace,23,Design,64176,15,Female
1861,Helen,44,Design,67377,11,Female
1862,Helen,31,QA,65802,12,Male
1863,Frank,39,QA,61719,12,Male
1864,Jack,43,HR,64571,13,Male
1865,David,39,DevOps,79661,8,Female
1866,Bob,39,Support,62282,8,Female
1867,Grace,39,Design,61830,12,Male
1868,Alice,39,QA,65587,2,Male
1869,Jack,34,DevOps,76020,2,Male
1870,Helen,43,Support,59463,9,Female
1871,Helen,26,Development,67503,7,Female
1872,David,24,HR,55782,13,Male
1873,Charlie,35,HR,63585,15,Male
1874,Bob,30,HR,55145,11,Male
1875,Charlie,27,DevOps,74216,8,Female
1876,Jack,23,Development,70762,6,Female
1877,Ivy,24,Design,68270,5,Male
1878,Jack,26,QA,58152,1,Male
1879,Helen,37,Support,56291,12,Male
1880,Alice,36,HR,55878,10,Female
1881,Charlie,43,QA,61094,14,Female
1882,Ivy,35,Support,62047,10,Male
1883,Jack,28,HR,56205,12,Male
1884,Ivy,39,HR,58788,3,Male
1885,Eva,30,QA,66351,12,Female
1886,Frank,35,Design,68961,6,Female
1887,Alice,35,Design,63102,8,Male
1888,Helen,32,QA,64307,10,Male
1889,Helen,35,DevOps,76382,13,Male
1890,Ivy,38,QA,65101,5,Female
1891,Alice,42,Development,65684,3,Female
1892,Jack,30,Development,74555,6,Male
1893,Grace,29,HR,64090,6,Male
1894,Alice,37,DevOps,74095,4,Male
1895,Charlie,45,Support,55801,4,Female
1896,Charlie,25,Support,56547,12,Female
1897,David,29,DevOps,70980,3,Male
1898,Eva,26,Development,70235,12,Male
1899,Ivy,34,HR,57410,7,Male
1900,Alice,38,DevOps,78881,12,Female
1901,Grace,33,Development,71984,1,Female
1902,Ivy,30,HR,61852,12,Male
1903,Jack,41,Support,62877,14,Male
1904,Frank,39,HR,62685,2,Male
1905,Alice,29,Development,66149,13,Female
1906,Eva,35,Support,62624,12,Female
1907,Eva,26,Support,59320,1,Male
1908,Frank,25,QA,59469,7,Male
1909,Eva,28,Design,66534,6,Male
1910,Ivy,23,QA,61828,7,Female
1911,Ivy,32,Development,74348,1,Female
1912,Ivy,45,HR,63583,14,Male
1913,Jack,29,Design,69223,6,Male
1914,Jack,32,Development,70924,10,Male
1915,Alice,22,Design,68451,4,Female
1916,Ivy,23,DevOps,71712,6,Female
1917,Bob,33,DevOps,71251,9,Male
1918,Frank,32,Support,61539,7,Male
1919,Bob,23,Development,65261,14,Male
1920,Grace,37,Development,73779,7,Female
1921,Ivy,40,Development,66573,15,Female
1922,David,40,DevOps,76558,4,Male
1923,Alice,34,Design,64330,14,Male
1924,Eva,27,Support,61824,4,Male
1925,Ivy,27,HR,59413,3,Female
1926,David,34,QA,62457,7,Female
1927,Bob,43,Support,62280,5,Male
1928,Bob,45,Support,55801,14,Male
1929,Grace,36,Support,62654,6,Male
1930,Jack,35,Design,69106,5,Female
1931,Helen,23,QA,58645,14,Female
1932,Eva,36,HR,55226,2,Male
1933,Alice,37,Development,65363,14,Male
1934,Charlie,38,QA,58235,1,Male
1935,Bob,35,HR,57413,3,Female
1936,Jack,32,QA,66219,6,Female
1937,Jack,23,QA,66948,5,Male
1938,David,36,Development,74842,4,Male
1939,Charlie,28,DevOps,78481,9,Male
1940,Frank,30,Design,60212,13,Female
1941,Bob,25,QA,65137,15,Female
1942,Frank,22,HR,64844,15,Male
1943,Helen,45,Support,55097,13,Male
1944,Charlie,22,Support,62761,12,Male
1945,Grace,37,Support,57660,13,Female
1946,Frank,36,Design,62918,4,Female
1947,Bob,35,Support,60445,15,Male
1948,Ivy,28,QA,60100,13,Male
1949,Bob,22,HR,58323,2,Male
1950,Jack,28,HR,61894,14,Female
1951,Ivy,38,Design,65008,2,Female
1952,Grace,33,Development,70975,14,Male
1953,Eva,30,Support,53953,9,Male
1954,Jack,36,HR,58422,14,Male
1955,Charlie,28,HR,60140,1,Female
1956,Ivy,35,DevOps,75241,3,Female
1957,Alice,32,Development,69305,6,Male
1958,Ivy,22,HR,60423,8,Male
1959,Helen,30,DevOps,74232,6,Male
1960,Grace,36,Design,60248,13,Female
1961,Ivy,35,DevOps,75142,15,Female
1962,Ivy,31,Design,62614,3,Male
1963,Bob,31,Support,55351,3,Male
1964,Jack,32,Development,67801,6,Male
1965,Alice,45,Development,70376,4,Female
1966,Bob,30,Design,65986,5,Female
1967,Eva,25,HR,63745,10,Male
1968,Charlie,40,HR,62314,14,Male
1969,Frank,39,HR,58325,1,Male
1970,Alice,27,QA,62162,6,Female
1971,Frank,24,Development,70381,7,Female
1972,Helen,22,DevOps,74449,1,Male
1973,David,43,HR,64432,6,Male
1974,Bob,26,Support,62438,4,Male
1975,Grace,32,Development,73694,5,Female
1976,Charlie,38,Development,70980,15,Female
1977,Jack,26,Development,72569,4,Male
1978,Helen,31,Design,66067,7,Male
1979,David,26,HR,63033,13,Male
1980,Grace,27,Design,65707,15,Female
1981,Jack,25,Design,61415,1,Female
1982,Grace,43,Development,66419,13,Male
1983,Eva,31,Design,65904,1,Male
1984,Eva,24,Development,67539,10,Male
1985,Helen,25,Support,56365,3,Female
1986,Charlie,27,Support,58947,5,Female
1987,Jack,37,Support,58782,7,Male
1988,Grace,30,DevOps,79767,11,Male
1989,Alice,25,Support,60657,6,Male
1990,Ivy,31,DevOps,76446,5,Female
1991,Eva,30,Support,54759,9,Female
1992,Grace,28,Design,67772,8,Male
1993,David,33,Design,60247,10,Male
1994,Alice,30,DevOps,76147,1,Male
1995,Alice,35,HR,55905,12,Female
1996,Ivy,31,Support,56494,4,Female
1997,Jack,34,Development,72606,15,Male
1998,David,36,QA,64913,7,Male
1999,Alice,28,Development,69444,14,Male
2000,Bob,34,DevOps,75822,12,Female
2001,Ivy,26,Support,61731,10,Female
2002,Frank,28,DevOps,77471,2,Male
2003,Ivy,22,Development,70207,7,Male
2004,David,29,HR,55550,5,Male
2005,Grace,25,QA,63961,2,Female
2006,David,27,DevOps,71060,12,Female
2007,Bob,35,QA,64172,1,Male
2008,Grace,27,DevOps,71094,4,Male
2009,Charlie,37,DevOps,76561,1,Male
2010,Jack,28,HR,56758,12,Female
2011,Helen,29,Development,69834,4,Female
2012,Ivy,29,Support,54370,9,Male
2013,Charlie,38,Design,69601,11,Male
2014,Bob,28,Development,66124,4,Male
2015,Grace,29,HR,63497,4,Female
2016,Eva,32,Development,71311,6,Female
2017,Charlie,43,HR,56935,7,Male
2018,Grace,33,QA,61998,10,Male
2019,Grace,25,HR,61623,9,Male
2020,Bob,30,Development,68794,8,Female
2021,Bob,32,QA,63174,3,Female
2022,Eva,30,Support,58176,4,Male
2023,Helen,24,Design,62822,4,Male
2024,David,22,Development,65593,5,Male
2025,Bob,36,HR,55547,10,Female
2026,Charlie,39,DevOps,70693,12,Female
2027,Ivy,30,HR,63321,9,Male
2028,Jack,44,Development,72551,11,Male
2029,Grace,24,QA,59251,8,Male
2030,Eva,42,Support,61484,7,Female
2031,Charlie,44,Design,69236,10,Female
2032,Grace,40,DevOps,75986,7,Male
2033,Bob,25,Support,62293,6,Male
2034,Eva,23,QA,61110,15,Male
2035,Grace,27,QA,60281,14,Female
2036,Bob,41,Design,61932,6,Female
2037,Helen,44,Support,62699,1,Male
2038,David,42,Support,61815,5,Male
2039,Alice,45,HR,58977,3,Male
2040,Alice,29,DevOps,73427,1,Female
2041,Grace,43,Support,56644,12,Female
2042,Frank,34,DevOps,75898,8,Male
2043,Jack,40,DevOps,75217,12,Male
2044,David,45,Support,57531,4,Male
2045,Frank,42,Development,71087,13,Female
2046,Eva,24,Development,66452,11,Female
2047,Alice,31,DevOps,72614,14,Male
2048,Frank,45,Support,57627,14,Male
2049,David,35,Development,65418,1,Male
2050,Bob,43,DevOps,76815,3,Female
2051,David,39,HR,63200,2,Female
2052,Frank,38,DevOps,79480,15,Male
2053,Ivy,27,QA,62389,5,Male
2054,Jack,43,Design,62189,15,Male
2055,Grace,29,Development,71586,9,Female
2056,David,38,Support,59951,1,Female
2057,Helen,27,HR,58153,3,Male
2058,Jack,30,Development,71676,7,Male
2059,Charlie,40,Design,68829,1,Male
2060,Jack,44,HR,64041,15,Female
2061,Grace,42,Design,67516,10,Female
2062,Ivy,26,Design,64877,1,Male
2063,Frank,38,HR,56961,9,Male
2064,Grace,33,HR,59500,8,Male
2065,Eva,27,Design,63061,2,Female
2066,Helen,27,QA,64815,13,Female
2067,David,30,HR,60693,13,Male
2068,Charlie,37,Support,53703,6,Male
2069,Helen,35,Design,67339,8,Male
2070,Bob,23,DevOps,78558,1,Female
2071,David,34,Development,74320,2,Female
2072,Bob,26,Support,53035,12,Male
2073,Helen,44,Design,66087,7,Male
2074,Charlie,29,DevOps,76871,9,Male
2075,Frank,33,QA,61636,11,Female
2076,Ivy,32,Development,73016,8,Female
2077,David,29,Support,61529,4,Male
2078,Grace,42,Development,72673,7,Male
2079,Charlie,42,QA,61019,3,Male
2080,Jack,36,QA,57693,2,Female
2081,Frank,34,QA,60974,6,Female
2082,Grace,38,Development,65864,1,Male
2083,Helen,41,HR,62229,6,Male
2084,Alice,45,Support,57771,10,Male
2085,Jack,31,DevOps,78078,5,Female
2086,Eva,33,QA,65844,3,Female
2087,Helen,24,HR,63679,2,Male
2088,David,31,HR,57822,8,Male
2089,Jack,39,Support,54501,14,Male
2090,Eva,45,Design,68714,3,Female
2091,Frank,28,QA,63094,6,Female
2092,Helen,43,Development,69035,8,Male
2093,David,24,Support,61354,12,Male
2094,Ivy,26,Design,63839,11,Male
2095,Eva,34,QA,58121,13,Female
2096,Eva,22,QA,65326,14,Female
2097,Jack,26,Support,58109,9,Male
2098,Frank,35,HR,64294,3,Male
2099,Ivy,41,Design,61935,8,Male
2100,Bob,22,Design,64248,15,Female
2101,Frank,32,HR,60220,11,Female
2102,Grace,29,HR,63947,4,Male
2103,David,42,HR,64913,14,Male
2104,Ivy,44,Development,67681,6,Male
2105,Helen,40,HR,62028,13,Female
2106,Jack,29,QA,66845,3,Female
2107,Alice,35,Design,64942,8,Male
2108,Charlie,35,Development,68096,7,Male
2109,Eva,39,HR,60949,13,Male
2110,Grace,42,QA,58305,1,Female
2111,Bob,29,Design,63667,8,Female
2112,Ivy,30,Development,70974,10,Male
2113,Ivy,31,QA,62831,6,Male
2114,Ivy,34,QA,65657,13,Male
2115,Frank,26,Support,57521,4,Female
2116,Ivy,32,Development,70688,11,Female
2117,Charlie,23,QA,66316,13,Male
2118,Grace,41,QA,65959,15,Male
2119,Alice,36,Support,54895,15,Male
2120,Alice,34,DevOps,75796,5,Female
2121,David,24,Development,72138,9,Female
2122,Frank,41,QA,60937,5,Male
2123,Ivy,33,DevOps,70665,1,Male
2124,Alice,25,Design,64489,2,Male
2125,Ivy,22,QA,60316,12,Female
2126,Ivy,38,DevOps,78292,7,Female
2127,Grace,36,DevOps,75231,5,Male
2128,Frank,40,DevOps,78660,2,Male
2129,David,29,DevOps,72665,5,Male
2130,Grace,28,Development,74989,4,Female
2131,Jack,42,Design,63637,11,Female
2132,Eva,36,DevOps,72078,8,Male
2133,Grace,33,DevOps,76825,11,Male
2134,Helen,37,QA,63254,1,Male
2135,Eva,28,Support,58433,4,Female
2136,Jack,31,Design,64734,5,Female
2137,Jack,32,HR,55144,15,Male
2138,Ivy,40,HR,64671,12,Male
2139,Alice,35,Support,62676,10,Male
2140,Jack,37,QA,65272,4,Female
2141,Bob,28,Design,60372,14,Female
2142,Charlie,23,DevOps,79019,12,Male
2143,Eva,31,QA,64139,8,Male
2144,Alice,29,Development,65160,14,Male
2145,Bob,40,QA,58031,11,Female
2146,Jack,34,QA,58847,10,Female
2147,Jack,42,DevOps,75722,1,Male
2148,Jack,29,Design,67112,5,Male
2149,Ivy,44,QA,62889,7,Male
2150,Eva,24,Development,71899,9,Female
2151,Jack,27,Support,61382,6,Female
2152,Ivy,23,Support,58613,11,Male
2153,Eva,30,Design,68612,10,Male
2154,Charlie,28,QA,57452,7,Male
2155,Charlie,34,Development,72648,9,Female
2156,Alice,30,Support,60109,12,Female
2157,Bob,42,Design,63590,13,Male
2158,Helen,23,HR,57191,6,Male
2159,Eva,26,Design,61802,7,Male
2160,David,38,DevOps,74149,8,Female
2161,David,22,QA,60002,10,Female
2162,Ivy,44,DevOps,74500,6,Male
2163,Frank,43,DevOps,75329,5,Male
2164,Helen,36,HR,57339,14,Male
2165,Jack,33,QA,66169,13,Female
2166,Helen,40,Development,69453,5,Female
2167,Frank,32,Design,65723,6,Male
2168,David,26,QA,57720,15,Male
2169,Bob,24,Support,57480,9,Male
2170,Bob,41,HR,64757,6,Female
2171,Alice,32,Development,73175,13,Female
2172,Ivy,31,Support,57305,4,Male
2173,Grace,45,HR,62136,13,Male
2174,Jack,26,Development,67792,9,Male
2175,Jack,45,QA,58840,3,Female
2176,David,33,DevOps,74546,13,Female
2177,Eva,39,QA,66846,13,Male
2178,David,39,Design,63102,10,Male
2179,Alice,41,DevOps,71394,14,Male
2180,Bob,23,Development,68998,12,Female
2181,Eva,40,QA,57106,1,Female
2182,Ivy,31,Development,74752,13,Male
2183,Bob,37,Development,67726,10,Male
2184,Eva,25,QA,64349,15,Male
2185,Ivy,43,QA,58306,6,Female
2186,Alice,26,Design,63797,10,Female
2187,Charlie,35,Support,54831,5,Male
2188,David,34,HR,60952,9,Male
2189,David,32,Design,65710,6,Male
2190,Grace,28,Support,60463,4,Female
2191,Eva,31,HR,62841,2,Female
2192,Frank,40,Support,53825,4,Male
2193,Frank,35,HR,64075,14,Male
2194,Grace,32,Design,64244,4,Male
2195,Frank,37,Development,74959,1,Female
2196,Ivy,32,Development,68154,12,Female
2197,Ivy,29,HR,61414,12,Male
2198,Helen,27,DevOps,77574,5,Male
2199,Jack,41,QA,66824,5,Male
2200,Frank,38,Development,67721,4,Female
2201,Frank,45,Support,59487,5,Female
2202,Ivy,35,QA,58496,5,Male
2203,Eva,30,Design,69998,11,Male
2204,Bob,26,Design,61264,6,Male
2205,Ivy,33,Design,68147,2,Female
2206,Bob,26,HR,56817,14,Female
2207,Ivy,29,Development,66299,11,Male
2208,Bob,44,DevOps,75351,8,Male
2209,Grace,36,Support,57838,10,Male
2210,Grace,32,DevOps,70072,15,Female
2211,Grace,44,DevOps,71958,8,Female
2212,Grace,40,Design,64893,6,Male
2213,Charlie,23,HR,56013,1,Male
2214,David,34,Design,65122,14,Male
2215,Frank,37,Design,66272,3,Female
2216,Grace,35,HR,55145,3,Female
2217,Frank,44,Development,74232,1,Male
2218,Frank,41,Support,53642,1,Male
2219,Eva,44,Design,65660,4,Male
2220,Frank,28,QA,63383,11,Female
2221,Alice,25,Development,69537,11,Female
2222,Helen,27,HR,56411,10,Male
2223,Jack,30,DevOps,74346,4,Male
2224,Grace,22,Support,59586,11,Male
2225,Eva,29,QA,62226,9,Female
2226,Jack,29,Design,68817,2,Female
2227,Jack,39,DevOps,73956,10,Male
2228,Alice,28,DevOps,70535,11,Male
2229,Ivy,29,Design,67660,15,Male
2230,David,24,DevOps,73443,7,Female
2231,Alice,45,Design,68148,3,Female
2232,Helen,31,HR,59726,14,Male
2233,Bob,28,DevOps,71821,5,Male
2234,Alice,32,DevOps,70516,11,Male
2235,Charlie,33,Development,65859,3,Female
2236,Helen,27,Support,58461,10,Female
2237,Bob,29,Support,53010,6,Male
2238,David,36,QA,63351,3,Male
2239,Grace,43,Design,61922,7,Male
2240,Bob,32,Support,61748,6,Female
2241,Grace,22,Support,60855,7,Female
2242,Alice,44,Development,73133,3,Male
2243,Charlie,44,Design,68061,9,Male
2244,Charlie,31,Support,56703,2,Male
2245,Alice,33,QA,65694,3,Female
2246,Grace,36,QA,66699,4,Female
2247,David,41,HR,60568,2,Male
2248,Grace,35,Design,61309,13,Male
2249,Eva,32,Design,67240,12,Male
2250,Frank,25,Development,71546,7,Female
2251,Grace,27,DevOps,70985,8,Female
2252,Alice,30,DevOps,70247,11,Male
2253,Bob,35,Design,62174,11,Male
2254,David,42,Development,68776,7,Male
2255,Jack,32,Support,62715,12,Female
2256,Alice,45,Support,60665,5,Female
2257,Ivy,41,Design,67834,13,Male
2258,Jack,37,HR,60668,12,Male
2259,Jack,38,Development,72349,13,Male
2260,Helen,25,HR,56786,15,Female
2261,Helen,44,Design,64644,9,Female
2262,Jack,24,Development,72352,15,Male
2263,Alice,37,HR,58182,4,Male
2264,Grace,39,Design,63100,4,Male
2265,Helen,22,Support,60180,6,Female
2266,Bob,29,DevOps,73231,4,Female
2267,Eva,39,Design,62675,9,Male
2268,Jack,29,Design,64165,9,Male
2269,Ivy,29,Support,58895,7,Male
2270,Alice,37,Support,62662,10,Female
2271,Grace,37,Development,73591,13,Female
2272,Eva,35,Design,66497,9,Male
2273,Eva,33,HR,58931,7,Male
2274,Alice,24,QA,66623,11,Male
2275,David,35,Development,66012,11,Female
2276,Grace,37,Development,73426,7,Female
2277,Jack,44,Development,71484,8,Male
2278,Helen,33,DevOps,76075,15,Male
2279,Charlie,40,HR,57732,12,Male
2280,David,41,DevOps,73428,14,Female
2281,Eva,41,QA,61062,14,Female
2282,Frank,39,QA,57677,11,Male
2283,Alice,29,QA,59534,4,Male
2284,Frank,32,Design,68942,2,Male
2285,Charlie,42,QA,58786,8,Female
2286,Frank,26,DevOps,75047,3,Female
2287,Bob,45,Support,62555,11,Male
2288,David,31,HR,57864,7,Male
2289,Eva,27,Support,55415,10,Male
2290,Bob,40,DevOps,72289,8,Female
2291,Frank,22,Support,58313,15,Female
2292,Alice,34,QA,62784,8,Male
2293,Helen,42,QA,60994,1,Male
2294,Jack,44,Development,71819,11,Male
2295,Jack,29,Design,64439,13,Female
2296,Ivy,37,HR,61138,2,Female
2297,Grace,29,Development,72473,4,Male
2298,Frank,43,HR,56827,13,Male
2299,Charlie,24,HR,59731,14,Male
2300,Helen,45,DevOps,73131,3,Female
2301,Grace,24,QA,59319,14,Female
2302,Helen,22,HR,55884,13,Male
2303,Grace,30,Development,74794,2,Male
2304,David,32,Development,66273,13,Male
2305,Charlie,35,QA,66965,9,Female
2306,Grace,25,HR,55815,14,Female
2307,Alice,34,QA,63362,7,Male
2308,Bob,32,Design,65953,7,Male
2309,Bob,36,HR,61199,2,Male
2310,Helen,26,HR,55885,10,Female
2311,Frank,32,Support,60659,5,Female
2312,Jack,25,Support,61373,8,Male
2313,Grace,33,Design,67822,2,Male
2314,Bob,24,HR,56925,10,Male
2315,Charlie,36,DevOps,76189,4,Female
2316,Jack,36,Development,66731,12,Female
2317,Charlie,35,QA,63005,11,Male
2318,Alice,35,Development,74256,12,Male
2319,Grace,35,HR,62361,1,Male
2320,Helen,37,Design,62920,3,Female
2321,Helen,27,HR,55418,14,Female
2322,Helen,36,HR,59433,13,Male
2323,Jack,22,Support,53831,3,Male
2324,Eva,37,Development,65781,7,Male
2325,Bob,34,Support,54098,15,Female
2326,Grace,32,QA,59579,5,Female
2327,Grace,40,Development,73788,10,Male
2328,Charlie,22,Support,55421,13,Male
2329,Alice,32,QA,66818,1,Male
2330,Eva,24,Development,65238,8,Female
2331,Frank,24,QA,64484,7,Female
2332,Ivy,39,Support,55567,10,Male
2333,Eva,22,QA,59403,9,Male
2334,Alice,38,Design,66335,8,Male
2335,Charlie,34,QA,57712,3,Female
2336,Eva,43,Design,68715,13,Female
2337,Jack,44,Development,70866,9,Male
2338,Helen,38,Development,73119,3,Male
2339,Bob,30,HR,57197,11,Male
2340,Grace,23,Development,74459,12,Female
2341,Helen,35,HR,58953,10,Female
2342,Alice,33,Support,56606,13,Male
2343,David,40,Support,62763,1,Male
2344,Alice,39,DevOps,74792,3,Male
2345,Jack,27,QA,66710,1,Female
2346,Jack,45,HR,57951,4,Female
2347,Eva,25,Design,69216,8,Male
2348,Bob,26,DevOps,73596,11,Male
2349,Jack,29,DevOps,79153,14,Male
2350,Charlie,38,Development,70232,14,Female
2351,Frank,38,Support,58999,1,Female
2352,Helen,32,QA,59784,2,Male
2353,Jack,30,Development,72689,3,Male
2354,Jack,27,QA,57787,10,Male
2355,Jack,24,Development,65163,11,Female
2356,David,45,QA,66616,9,Female
2357,Jack,41,QA,61066,7,Male
2358,Alice,37,DevOps,74986,5,Male
2359,Charlie,27,Support,56831,13,Male
2360,Ivy,35,Development,66214,15,Female
2361,Eva,40,Development,73893,13,Female
2362,Frank,44,QA,59317,2,Male
2363,Bob,40,DevOps,73593,8,Male
2364,Alice,24,QA,63299,14,Male
2365,Ivy,30,DevOps,72163,7,Female
2366,Grace,26,Design,65103,4,Female
2367,David,30,QA,59317,7,Male
2368,Grace,32,HR,57908,11,Male
2369,Frank,40,Design,64385,10,Male
2370,Frank,31,Support,60674,1,Female
2371,Ivy,36,Design,65330,10,Female
2372,Alice,45,Development,74881,6,Male
2373,Bob,26,Design,67973,4,Male
2374,Eva,42,Development,66514,6,Male
2375,David,39,HR,63912,8,Female
2376,Helen,45,Development,66820,1,Female
2377,Helen,36,Development,66694,14,Male
2378,Grace,43,DevOps,73162,5,Male
2379,Frank,28,HR,58264,10,Male
2380,Ivy,24,HR,63883,9,Female
2381,Grace,43,DevOps,79657,7,Female
2382,Eva,29,DevOps,71274,11,Male
2383,Ivy,42,Support,61510,9,Male
2384,Charlie,34,Development,71398,6,Male
2385,Eva,25,Support,60799,2,Female
2386,Grace,28,Design,67481,9,Female
2387,Grace,39,Development,74625,5,Male
2388,Alice,43,QA,63447,8,Male
2389,Eva,32,QA,65501,8,Male
2390,David,31,Development,71319,10,Female
2391,David,30,DevOps,79705,2,Female
2392,Ivy,30,DevOps,73149,4,Male
2393,Alice,22,Development,70336,4,Male
2394,David,44,QA,61979,11,Male
2395,Frank,39,Support,56210,10,Female
2396,Ivy,39,Support,58764,11,Female
2397,Charlie,44,Development,67838,2,Male
2398,Helen,44,Development,65098,10,Male
2399,Helen,38,QA,65580,13,Male
2400,Jack,39,DevOps,76181,12,Female
2401,Jack,28,DevOps,77891,3,Female
2402,Frank,45,Development,66905,4,Male
2403,Jack,39,DevOps,78198,10,Male
2404,Eva,25,Development,72223,3,Male
2405,Alice,45,Design,65021,11,Female
2406,Alice,26,Design,65832,11,Female
2407,Bob,36,Support,56701,10,Male
2408,Jack,36,Design,62911,5,Male
2409,Charlie,27,DevOps,71373,11,Male
2410,Ivy,30,Design,68891,2,Female
2411,Frank,33,HR,64290,15,Female
2412,Ivy,36,Design,63655,1,Male
2413,Ivy,44,QA,57573,10,Male
2414,Bob,41,QA,66946,9,Male
2415,Frank,28,QA,61249,8,Female
2416,Alice,36,Support,62204,5,Female
2417,Alice,28,Development,67150,7,Male
2418,Alice,25,Support,54037,15,Male
2419,Alice,45,Development,68076,5,Male
2420,Alice,39,Support,55163,4,Female
2421,Bob,27,Design,63775,9,Female
2422,Frank,24,DevOps,72008,4,Male
2423,Ivy,26,DevOps,76213,9,Male
2424,Charlie,34,Design,69145,9,Male
2425,Bob,28,HR,59448,4,Female
2426,Frank,36,DevOps,73776,4,Female
2427,David,39,Design,62125,15,Male
2428,Frank,37,DevOps,75170,14,Male
2429,Jack,30,Design,61838,10,Male
2430,Charlie,34,DevOps,78700,6,Female
2431,Bob,25,Development,74913,2,Female
2432,Charlie,35,Support,55179,10,Male
2433,Charlie,45,Development,74124,14,Male
2434,Frank,24,Design,66346,8,Male
2435,Bob,23,Support,54207,5,Female
2436,Charlie,22,QA,64450,6,Female
2437,David,42,Design,67590,12,Male
2438,Eva,40,Development,65633,15,Male
2439,Charlie,45,HR,63810,12,Male
2440,Eva,22,Support,54971,9,Female
2441,Bob,43,Support,55308,13,Female
2442,Jack,45,HR,59837,6,Male
2443,Eva,29,QA,61862,1,Male
2444,Eva,43,Design,62538,7,Male
2445,Helen,40,Development,66536,2,Female
2446,Alice,30,HR,61274,10,Female
2447,Bob,41,Development,74235,4,Male
2448,Bob,32,Development,69806,15,Male
2449,Ivy,23,Design,65911,1,Male
2450,Ivy,23,DevOps,74397,9,Female
2451,Bob,22,Support,55519,12,Female
2452,Grace,28,HR,58217,2,Male
2453,Alice,28,Support,56244,15,Male
2454,Charlie,45,Support,55392,14,Male
2455,David,45,Support,58483,14,Female
2456,Frank,24,Design,61948,10,Female
2457,Alice,30,Support,62598,1,Male
2458,Frank,38,HR,56608,13,Male
2459,Ivy,34,Development,73532,15,Male
2460,Bob,40,HR,58239,7,Female
2461,Jack,31,QA,57369,5,Female
2462,Alice,30,QA,60462,9,Male
2463,Eva,37,QA,61883,2,Male
2464,Ivy,27,DevOps,77727,8,Male
2465,Ivy,34,Support,56559,9,Female
2466,Alice,23,HR,60349,9,Female
2467,Alice,40,HR,58040,8,Male
2468,Ivy,22,DevOps,77192,15,Male
2469,Jack,26,Design,69560,2,Male
2470,Alice,24,Development,66432,3,Female
2471,Ivy,32,DevOps,73746,13,Female
2472,Ivy,43,Design,64813,2,Male
2473,Ivy,32,Development,65469,3,Male
2474,Jack,31,HR,59381,4,Male
2475,David,30,Design,65878,13,Female
2476,Ivy,38,DevOps,78557,7,Female
2477,Eva,23,Development,68054,9,Male
2478,David,35,QA,62660,3,Male
2479,Ivy,32,Development,73182,1,Male
2480,Eva,27,HR,64551,5,Female
2481,Alice,40,Design,67443,14,Female
2482,David,28,DevOps,73976,3,Male
2483,Eva,27,QA,60719,13,Male
2484,Charlie,41,Design,61709,5,Male
2485,Alice,34,Development,73301,10,Female
2486,Alice,29,DevOps,72687,7,Female
2487,Bob,36,QA,62232,4,Male
2488,Jack,40,Development,65565,2,Male
2489,Grace,40,QA,57628,14,Male
2490,Bob,36,Development,71879,11,Female
2491,Helen,41,HR,58265,4,Female
2492,Ivy,36,Design,60957,7,Male
2493,Bob,34,Development,69603,7,Male
2494,Alice,44,DevOps,76323,6,Male
2495,Alice,28,Development,67439,5,Female
2496,Alice,43,QA,60519,11,Female
2497,Ivy,29,QA,65563,7,Male
2498,Bob,23,Design,69626,5,Male
2499,Frank,33,QA,57964,10,Male
2500,Alice,43,DevOps,72396,2,Female
2501,Charlie,37,HR,57170,8,Female
2502,Helen,39,Support,59074,7,Male
2503,Jack,36,HR,62429,8,Male
2504,David,27,DevOps,71967,1,Male
2505,Ivy,36,DevOps,70160,3,Female
2506,Jack,43,DevOps,78636,11,Female
2507,Bob,25,Development,67406,13,Male
2508,Grace,26,DevOps,71067,7,Male
2509,Charlie,34,HR,58518,1,Male
2510,Jack,43,Development,74670,14,Female
2511,Frank,30,HR,57728,11,Female
2512,Charlie,30,QA,65966,9,Male
2513,Jack,34,Design,69262,7,Male
2514,Alice,27,QA,65961,6,Male
2515,Ivy,30,Development,73226,9,Female
2516,Frank,31,HR,60149,12,Female
2517,Eva,33,DevOps,79781,12,Male
2518,Helen,30,Development,65536,4,Male
2519,Alice,26,QA,64209,11,Male
2520,Helen,44,Design,69768,3,Female
2521,Helen,44,Development,65987,14,Female
2522,Grace,43,QA,65609,10,Male
2523,David,22,DevOps,77911,9,Male
2524,Ivy,33,DevOps,71381,9,Male
2525,Jack,38,Development,69401,8,Female
2526,Helen,34,Support,57417,9,Female
2527,Eva,40,Support,56704,9,Male
2528,Bob,31,Support,60943,3,Male
2529,Frank,44,Development,73794,10,Male
2530,Helen,41,HR,56236,12,Female
2531,Grace,26,HR,56165,10,Female
2532,Frank,41,Design,61061,10,Male
2533,Helen,36,Design,63682,10,Male
2534,Grace,38,DevOps,74304,1,Male
2535,Alice,40,HR,58000,1,Female
2536,Eva,30,HR,64350,2,Female
2537,Frank,34,QA,66317,13,Male
2538,Grace,32,Development,72010,11,Male
2539,Alice,41,HR,55319,12,Male
2540,Helen,32,QA,64379,8,Female
2541,Grace,42,Development,72637,12,Female
2542,David,38,QA,66348,5,Male
2543,Frank,37,Support,59125,13,Male
2544,Jack,36,Support,54847,11,Male
2545,Grace,30,Support,62020,9,Female
2546,Frank,29,Support,58128,11,Female
2547,Ivy,34,HR,56204,5,Male
2548,Grace,30,DevOps,74184,8,Male
2549,Ivy,45,Development,68121,7,Male
2550,Frank,44,HR,61567,13,Female
2551,Alice,33,Support,57676,5,Female
2552,Alice,40,Design,69069,13,Male
2553,David,24,Design,60793,15,Male
2554,David,24,Development,69553,15,Male
2555,Ivy,36,DevOps,79753,1,Female
2556,Frank,40,QA,61949,1,Female
2557,Bob,24,DevOps,79078,5,Male
2558,David,25,QA,62024,11,Male
2559,David,24,Development,65076,10,Male
2560,Bob,36,QA,65239,3,Female
2561,Helen,37,QA,62989,4,Female
2562,Grace,36,Support,54746,1,Male
2563,Helen,23,QA,66328,10,Male
2564,Jack,41,Development,66725,8,Male
2565,Grace,30,DevOps,70599,1,Female
2566,Grace,24,DevOps,70700,4,Female
2567,Alice,23,QA,65664,7,Male
2568,Bob,33,HR,63270,7,Male
2569,Ivy,29,Development,68638,2,Male
2570,Helen,43,QA,58469,15,Female
2571,Grace,39,Design,69841,8,Female
2572,Helen,25,HR,57924,5,Male
2573,Ivy,35,Design,61775,2,Male
2574,Charlie,28,QA,58696,14,Male
2575,Bob,22,DevOps,72747,5,Female
2576,Grace,35,Design,61386,4,Female
2577,Bob,25,Support,54432,15,Male
2578,Alice,36,Development,72855,8,Male
2579,Frank,22,HR,62414,3,Male
2580,Eva,25,HR,64908,3,Female
2581,David,36,Design,64121,5,Female
2582,Bob,35,QA,57797,5,Male
2583,Charlie,41,Support,59512,10,Male
2584,Frank,35,Design,67317,14,Male
2585,Helen,23,Design,64328,8,Female
2586,Frank,45,Development,74535,12,Female
2587,Charlie,22,DevOps,73446,6,Male
2588,Ivy,41,Design,62122,1,Male
2589,Frank,40,QA,61672,2,Male
2590,Alice,24,Development,67840,15,Female
2591,Frank,38,Development,71449,8,Female
2592,Alice,33,Development,68562,1,Male
2593,Helen,24,Support,56465,2,Male
2594,Jack,36,Development,67319,12,Male
2595,Eva,35,QA,58251,13,Female
2596,Helen,37,DevOps,75938,14,Female
2597,Charlie,23,QA,57089,10,Male
2598,Charlie,23,QA,59910,11,Male
2599,Alice,26,Support,54844,3,Male
2600,Eva,26,HR,56314,3,Female
2601,David,38,DevOps,76717,12,Female
2602,Ivy,35,Development,72229,10,Male
2603,Grace,28,Support,59444,12,Male
2604,Jack,22,Support,57279,2,Male
2605,Alice,29,Design,67038,5,Female
2606,Charlie,41,QA,63193,5,Female
2607,Eva,33,Support,59378,8,Male
2608,David,24,Development,73890,15,Male
2609,Helen,23,QA,59488,14,Male
2610,Bob,25,Design,65595,3,Female
2611,Frank,37,DevOps,72197,12,Female
2612,Frank,32,Support,54656,1,Male
2613,Alice,36,QA,59219,3,Male
2614,Charlie,22,Design,60751,9,Male
2615,Eva,30,QA,63038,13,Female
2616,Frank,41,Development,70769,7,Female
2617,Alice,36,HR,60258,12,Male
2618,Grace,24,Development,71099,9,Male
2619,Ivy,22,QA,58074,12,Male
2620,Frank,35,Design,61307,11,Female
2621,David,23,HR,63489,8,Female
2622,David,23,HR,62470,1,Male
2623,David,27,Support,57254,13,Male
2624,Eva,41,DevOps,72660,3,Male
2625,Frank,38,QA,59172,12,Female
2626,Ivy,40,HR,62767,5,Female
2627,Frank,36,Support,60550,2,Male
2628,Eva,27,HR,57876,7,Male
2629,David,33,Development,70082,10,Male
2630,Frank,22,DevOps,71742,6,Female
2631,Jack,42,QA,58871,14,Female
2632,Frank,26,QA,58849,12,Male
2633,Jack,24,HR,63472,7,Male
2634,Ivy,37,Design,67000,7,Male
2635,Eva,35,Support,62987,11,Female
2636,Ivy,25,Design,69975,15,Female
2637,Grace,33,Support,56538,14,Male
2638,David,41,Design,68487,1,Male
2639,Bob,30,Design,62790,7,Male
2640,Frank,25,QA,62058,3,Female
2641,Grace,32,Support,62681,12,Female
2642,Alice,23,Design,60215,3,Male
2643,Jack,27,HR,61867,1,Male
2644,Jack,32,HR,63004,10,Male
2645,Alice,28,Support,57925,1,Female
2646,Helen,34,HR,58296,13,Female
2647,Bob,35,DevOps,74846,12,Male
2648,Helen,28,DevOps,70831,6,Male
2649,Grace,39,QA,66444,12,Male
2650,Alice,36,HR,57775,13,Female
2651,Helen,29,Design,63204,2,Female
2652,Frank,39,Development,72456,8,Male
2653,Frank,25,DevOps,74611,6,Male
2654,Jack,43,QA,57121,5,Male
2655,Ivy,36,QA,65480,13,Female
2656,Frank,41,QA,66618,2,Female
2657,Charlie,45,Support,54532,10,Male
2658,Helen,24,Design,68517,7,Male
2659,Frank,24,Development,67125,8,Male
2660,Grace,30,QA,63078,1,Female
2661,Frank,39,Development,74760,15,Female
2662,Frank,28,DevOps,79388,7,Male
2663,Eva,25,QA,57074,13,Male
2664,Bob,27,Development,69126,9,Male
2665,Alice,42,Design,61040,6,Female
2666,Bob,27,QA,61147,6,Female
2667,Jack,33,DevOps,79109,13,Male
2668,Ivy,42,QA,66535,9,Male
2669,Charlie,34,Design,65883,2,Male
2670,Grace,40,HR,63875,13,Female
2671,Jack,35,Support,59011,8,Female
2672,Frank,31,HR,63083,3,Male
2673,Alice,34,DevOps,71545,10,Male
2674,Frank,30,DevOps,70267,1,Male
2675,Frank,38,QA,58594,14,Female
2676,David,23,Design,61336,10,Female
2677,David,30,Development,65713,7,Male
2678,Charlie,37,Support,54456,9,Male
2679,Eva,28,HR,61401,1,Male
2680,Eva,43,HR,62563,6,Female
2681,Eva,35,QA,65660,10,Female
2682,Frank,41,QA,65247,1,Male
2683,Charlie,30,Design,64624,6,Male
2684,David,38,Design,69402,10,Male
2685,Grace,43,Design,65655,10,Female
2686,Grace,37,HR,57614,2,Female
2687,Eva,37,Design,68880,13,Male
2688,Frank,45,QA,60176,1,Male
2689,Jack,35,QA,60764,3,Male
2690,Jack,41,Support,61736,2,Female
2691,Bob,43,QA,66202,9,Female
2692,Charlie,28,Support,54759,14,Male
2693,Frank,29,Development,67556,9,Male
2694,Ivy,24,Support,57274,10,Male
2695,Charlie,25,HR,57764,9,Female
2696,Ivy,36,QA,64338,9,Female
2697,Bob,36,Development,71973,11,Male
2698,David,33,Support,56605,10,Male
2699,Grace,33,QA,58508,1,Male
2700,Helen,28,HR,63679,4,Female
2701,Alice,36,HR,55631,12,Female
2702,Grace,27,Development,69412,7,Male
2703,Bob,26,Design,67518,4,Male
2704,Helen,38,Design,62815,7,Male
2705,Bob,29,Design,62478,11,Female
2706,David,22,Development,66480,4,Female
2707,Helen,28,DevOps,79036,1,Male
2708,Alice,40,HR,61608,3,Male
2709,Helen,34,HR,61300,1,Male
2710,Alice,40,Design,60815,8,Female
2711,Helen,45,Design,61935,2,Female
2712,Frank,33,HR,57429,12,Male
2713,Alice,42,DevOps,76029,14,Male
2714,David,35,DevOps,76824,10,Male
2715,Bob,37,Support,54890,14,Female
2716,Alice,45,Development,72699,3,Female
2717,Eva,23,QA,62455,3,Male
2718,Alice,31,QA,58547,10,Male
2719,Helen,25,DevOps,79960,9,Male
2720,Charlie,45,Development,67765,2,Female
2721,Alice,42,Design,65842,6,Female
2722,Jack,28,Design,61459,10,Male
2723,Ivy,42,DevOps,71124,5,Male
2724,Jack,41,QA,57337,4,Male
2725,Alice,42,Development,67130,5,Female
2726,Jack,40,DevOps,75604,4,Female
2727,David,43,HR,60701,9,Male
2728,Ivy,42,DevOps,76542,4,Male
2729,Bob,42,QA,65932,11,Male
2730,Alice,41,Support,59385,2,Female
2731,Jack,26,QA,62134,4,Female
2732,Bob,31,HR,61211,13,Male
2733,Charlie,42,QA,63637,13,Male
2734,Bob,23,QA,63371,4,Male
2735,Frank,37,Support,59103,14,Female
2736,Grace,45,QA,64883,15,Female
2737,Frank,32,QA,65471,4,Male
2738,Charlie,22,HR,60273,7,Male
2739,David,37,Design,60069,10,Male
2740,David,27,QA,60926,3,Female
2741,Ivy,24,QA,59428,11,Female
2742,Charlie,41,Development,74136,8,Male
2743,Frank,40,Development,69530,7,Male
2744,David,42,Development,73586,4,Male
2745,David,29,Development,65885,3,Female
2746,Charlie,34,DevOps,73804,15,Female
2747,Bob,39,HR,55442,1,Male
2748,David,39,Design,61687,6,Male
2749,Bob,33,Design,68682,5,Male
2750,David,23,Support,57077,3,Female
2751,David,25,DevOps,77805,12,Female
2752,Eva,42,HR,60033,14,Male
2753,Bob,36,QA,58071,4,Male
2754,Eva,29,Development,74931,15,Male
2755,Bob,28,Development,70553,12,Female
2756,Helen,36,QA,62624,13,Female
2757,Alice,40,Support,55140,12,Male
2758,Jack,32,Support,61709,6,Male
2759,Jack,33,Design,66282,9,Male
2760,Ivy,36,QA,63198,4,Female
2761,Helen,38,HR,55570,13,Female
2762,David,38,Design,60576,8,Male
2763,Helen,40,DevOps,77750,7,Male
2764,Grace,23,Design,62705,13,Male
2765,Alice,45,Development,73596,5,Female
2766,Grace,25,HR,56149,12,Female
2767,Frank,33,QA,59921,8,Male
2768,Ivy,29,Development,67228,12,Male
2769,Grace,38,DevOps,71045,7,Male
2770,David,37,Support,56395,6,Female
2771,Grace,35,Support,53128,6,Female
2772,Eva,31,Design,62636,8,Male
2773,Eva,23,Design,64993,7,Male
2774,Helen,32,Support,53066,2,Male
2775,David,30,DevOps,73685,5,Female
2776,Charlie,35,Development,73576,5,Female
2777,Eva,35,HR,56510,11,Male
2778,Alice,31,DevOps,78115,10,Male
2779,Grace,26,Development,70952,9,Male
2780,Frank,27,Design,64970,6,Female
2781,Frank,35,Development,72281,8,Female
2782,Ivy,23,Development,67259,7,Male
2783,Bob,29,HR,58573,14,Male
2784,Frank,23,QA,58655,3,Male
2785,Eva,25,Support,55423,15,Female
2786,Frank,43,Development,68029,4,Female
2787,Grace,24,Design,69883,11,Male
2788,David,32,QA,59986,3,Male
2789,Eva,25,Support,60029,4,Male
2790,Frank,22,DevOps,77472,8,Female
2791,Eva,39,Design,63352,4,Female
2792,Jack,33,HR,55932,4,Male
2793,Ivy,25,QA,66132,3,Male
2794,Frank,38,DevOps,70128,14,Male
2795,Charlie,37,DevOps,72345,15,Female
2796,Charlie,42,Development,71673,12,Female
2797,Helen,29,HR,60409,15,Male
2798,Jack,30,DevOps,76117,8,Male
2799,Ivy,28,Support,54771,11,Male
2800,Frank,34,Development,66257,8,Female
2801,Jack,33,HR,61288,9,Female
2802,Jack,28,Support,57796,2,Male
2803,Bob,43,HR,64110,10,Male
2804,Grace,29,Development,65614,15,Male
2805,Bob,30,HR,61240,3,Female
2806,Frank,40,Design,65079,14,Female
2807,Charlie,34,HR,60743,12,Male
2808,Jack,42,DevOps,79716,8,Male
2809,Bob,23,Development,74413,8,Male
2810,Helen,32,QA,62741,12,Female
2811,Eva,28,HR,60409,9,Female
2812,Grace,42,QA,66050,3,Male
2813,Frank,43,DevOps,71166,5,Male
2814,David,31,Development,72454,6,Male
2815,Alice,22,Development,74179,12,Female
2816,Eva,35,QA,58760,4,Female
2817,David,40,DevOps,74343,9,Male
2818,Helen,23,Design,68635,11,Male
2819,David,22,HR,63488,13,Male
2820,Frank,38,Design,66350,14,Female
2821,David,36,Design,64971,15,Female
2822,Charlie,27,Development,68620,2,Male
2823,Eva,30,Design,64169,1,Male
2824,Jack,35,HR,57884,1,Male
2825,Frank,43,Design,61226,6,Female
2826,Alice,44,Development,66977,14,Female
2827,Alice,37,DevOps,73112,5,Male
2828,Ivy,44,Support,59972,10,Male
2829,Frank,32,Design,67326,9,Male
2830,Eva,36,HR,57937,8,Female
2831,Ivy,30,HR,61911,9,Female
2832,Grace,22,Design,65089,15,Male
2833,Eva,40,Development,68466,10,Male
2834,Alice,40,QA,62225,14,Male
2835,Grace,32,HR,57036,6,Female
2836,Bob,28,Support,59961,12,Female
2837,Bob,36,DevOps,77371,5,Male
2838,Jack,29,Design,67043,13,Male
2839,Helen,33,HR,57658,13,Male
2840,Bob,40,DevOps,79788,13,Female
2841,Helen,45,Design,61929,1,Female
2842,David,24,Support,57722,7,Male
2843,Alice,30,Support,61383,10,Male
2844,Grace,35,Development,66700,8,Male
2845,Frank,24,Support,54586,13,Female
2846,Helen,31,Support,61827,8,Female
2847,Bob,27,DevOps,75718,10,Male
2848,Eva,22,Design,64817,13,Male
2849,Eva,33,Development,72414,1,Male
2850,Bob,26,Support,53967,13,Female
2851,Ivy,33,Development,70738,6,Female
2852,Grace,39,QA,57714,12,Male
2853,Alice,29,Design,65016,3,Male
2854,Alice,41,QA,61448,2,Male
2855,David,29,HR,56598,2,Female
2856,Jack,43,DevOps,78627,15,Female
2857,Grace,24,Design,66956,12,Male
2858,Charlie,31,DevOps,75788,11,Male
2859,Frank,35,QA,66383,2,Male
2860,Alice,45,Development,70332,5,Female
2861,Jack,44,DevOps,72794,2,Female
2862,Bob,41,Development,72897,11,Male
2863,Frank,30,Design,63304,2,Male
2864,Alice,31,HR,62676,8,Male
2865,Bob,42,QA,61773,5,Female
2866,Helen,25,Development,65747,8,Female
2867,Jack,31,Design,60552,7,Male
2868,Bob,39,Development,65016,7,Male
2869,Helen,31,Design,68264,4,Male
2870,Helen,24,QA,61139,4,Female
2871,Helen,40,HR,62514,15,Female
2872,Helen,31,DevOps,75795,11,Male
2873,Bob,26,DevOps,76496,1,Male
2874,Bob,37,Development,70372,5,Male
2875,Ivy,38,HR,59047,12,Female
2876,Jack,35,DevOps,77190,6,Female
2877,Ivy,25,QA,64323,9,Male
2878,Helen,41,QA,65923,13,Male
2879,Eva,37,QA,59052,11,Male
2880,Ivy,43,QA,62843,11,Female
2881,Bob,29,DevOps,72737,14,Female
2882,Ivy,40,Support,53352,8,Male
2883,Helen,29,QA,59980,10,Male
2884,Bob,25,Design,64300,8,Male
2885,Eva,35,Design,69390,5,Female
2886,Helen,25,DevOps,71713,15,Female
2887,Alice,39,DevOps,79078,3,Male
2888,Jack,42,Support,59569,1,Male
2889,Grace,27,Design,67334,6,Male
2890,Charlie,29,QA,57077,9,Female
2891,Charlie,45,Development,65265,9,Female
2892,David,31,QA,65930,7,Male
2893,Alice,44,DevOps,79136,12,Male
2894,Jack,39,Support,55787,10,Male
2895,Eva,28,Support,57145,5,Female
2896,Jack,34,Development,67084,10,Female
2897,Ivy,35,HR,56541,6,Male
2898,Alice,22,HR,57662,13,Male
2899,Charlie,35,Development,70905,6,Male
2900,David,37,Support,58937,6,Female
2901,David,38,Support,59966,4,Female
2902,Bob,36,HR,60750,5,Male
2903,David,22,DevOps,71872,3,Male
2904,Bob,38,Design,69603,7,Male
2905,Frank,40,Design,66639,12,Female
2906,Grace,30,Support,57146,8,Female
2907,Helen,22,QA,61937,14,Male
2908,Helen,22,Development,69540,9,Male
2909,David,28,DevOps,79328,10,Male
2910,Charlie,43,HR,60183,9,Female
2911,Charlie,26,Design,62395,3,Female
2912,David,24,Support,54636,1,Male
2913,Alice,41,Support,54364,6,Male
2914,Eva,38,Design,66366,1,Male
2915,Charlie,30,HR,60361,6,Female
2916,Charlie,28,DevOps,79487,4,Female
2917,Ivy,42,Design,61227,11,Male
2918,Helen,27,HR,64890,3,Male
2919,David,40,Support,54626,3,Male
2920,Grace,45,Support,54739,10,Female
2921,Bob,35,DevOps,79298,13,Female
2922,Frank,43,DevOps,72129,11,Male
2923,Bob,40,Development,68550,11,Male
2924,Jack,34,HR,60672,7,Male
2925,Alice,39,QA,62271,7,Female
2926,Ivy,29,QA,59011,8,Female
2927,David,43,Support,54448,1,Male
2928,David,42,DevOps,78589,13,Male
2929,David,35,DevOps,72191,4,Male
2930,Ivy,28,DevOps,76249,6,Female
2931,Alice,26,Design,69921,4,Female
2932,Ivy,43,Development,65685,10,Male
2933,Frank,22,QA,57263,4,Male
2934,Charlie,39,QA,62256,5,Male
2935,Eva,26,Development,72582,8,Female
2936,Grace,23,Support,53461,7,Female
2937,Alice,25,DevOps,76480,5,Male
2938,Helen,40,HR,63777,8,Male
2939,David,35,QA,63208,6,Male
2940,Ivy,25,Development,66955,14,Female
2941,Helen,27,DevOps,73988,11,Female
2942,Alice,44,QA,62225,4,Male
2943,Jack,43,QA,59467,6,Male
2944,Frank,43,Development,69667,8,Male
2945,Ivy,34,Support,53797,11,Female
2946,Jack,32,Design,68847,3,Female
2947,Jack,34,HR,57008,11,Male
2948,Frank,30,Design,66333,9,Male
2949,Ivy,42,Support,58913,15,Male
2950,Jack,33,Design,69265,6,Female
2951,Grace,33,Support,55853,11,Female
2952,Bob,22,QA,63434,12,Male
2953,Charlie,39,DevOps,72640,11,Male
2954,Grace,27,QA,60079,3,Male
2955,Frank,38,Support,54697,8,Female
2956,Ivy,31,QA,57615,5,Female
2957,Grace,31,DevOps,79659,9,Male
2958,Charlie,23,QA,60336,11,Male
2959,Jack,22,DevOps,70973,14,Male
2960,Eva,37,Design,63222,9,Female
2961,Alice,25,HR,58020,3,Female
2962,Frank,40,HR,64158,10,Male
2963,Frank,37,Development,74457,10,Male
2964,Frank,35,Support,62219,14,Male
2965,Grace,31,HR,61079,2,Female
2966,Jack,37,HR,58949,15,Female
2967,David,40,HR,64569,7,Male
2968,Alice,31,Design,64329,9,Male
2969,Eva,45,Support,53254,11,Male
2970,Helen,31,Development,74526,15,Female
2971,Frank,45,Support,54123,1,Female
2972,David,41,Support,58806,9,Male
2973,Grace,22,QA,60682,4,Male
2974,Ivy,25,HR,64232,8,Male
2975,Charlie,32,Support,58779,9,Female
2976,Frank,44,Design,67228,2,Female
2977,Bob,34,QA,64359,15,Male
2978,Frank,32,Design,61138,5,Male
2979,Jack,23,Design,67494,14,Male
2980,Helen,29,DevOps,72859,5,Female
2981,Frank,24,Support,57901,12,Female
2982,Alice,41,HR,63175,1,Male
2983,David,23,HR,62271,10,Male
2984,Alice,27,QA,66551,10,Male
2985,Bob,25,Support,55418,10,Female
2986,Bob,34,Support,60963,9,Female
2987,David,25,Support,59683,8,Male
2988,Eva,36,Development,71117,13,Male
2989,Alice,30,Design,63436,7,Male
2990,Frank,25,QA,57355,8,Female
2991,Frank,36,Design,65493,8,Female
2992,Ivy,43,DevOps,77030,13,Male
2993,Grace,33,DevOps,71749,5,Female
2994,Eva,24,DevOps,77817,3,Male
2995,Alice,35,Support,58135,10,Male
2996,Grace,35,DevOps,71726,15,Male
2997,David,22,QA,60090,12,Female
2998,Grace,25,Development,73654,2,Female
2999,Eva,33,HR,62144,14,Male
3000,Ivy,43,Support,54954,2,Male
